Trip,Date/Time,Weather,Battery Temperature (Start) [°C],Battery Temperature (End),SoC (Start),SoC (End),Remaining Charge,Charging Behaviour,SoC Risk Level,Ambient Temperature (Start) [°C],Target Cabin Temperature,Distance [km],Duration [min]
TripA01,2019-06-25_13-21-14,sunny,21.0,22.0,86.3%,80.3%,6.0%,Low,High,25.5,23.0,7.43,16.82
TripA02,2019-06-25_14-05-31,sunny,23.0,26.0,80.3%,67.3%,13.0%,Medium,Medium,32.0,23.0,23.51,23.55
TripA03,2019-06-28_10-02-15,sunny,24.0,25.0,83.5%,75.1%,8.4%,Low,Medium,21.5,27.0,12.82,11.18
TripA04,2019-06-28_10-13-30,sunny,25.0,27.0,75.1%,66.7%,8.4%,Low,Medium,24.0,22.0,10.73,6.87
TripA05,2019-06-28_10-20-26,sunny,27.0,27.0,66.7%,60.2%,6.5%,Low,Medium,24.5,24.0,12.39,22.78
TripA06,2019-07-01_09-05-25,sunny,25.0,28.0,85.1%,63.4%,21.7%,High,Medium,26.5,26.0,45.99,52.74
TripA07,2019-07-01_12-59-48,sunny,30.0,30.0,63.4%,34.2%,29.2%,High,Low,33.5,25.0,44.34,34.89
TripA08,2019-07-02_17-36-31,slightly cloudy,26.0,27.0,86.6%,76.1%,10.5%,Medium,Medium,27.0,25.0,18.23,46.76
TripA09,2019-07-03_08-05-00,slightly cloudy,22.0,22.0,74.7%,68.6%,6.1%,Low,Medium,17.5,21.0,11.66,30.57
TripA10,2019-07-03_12-16-12,slightly cloudy,22.0,23.0,69.6%,60.9%,8.7%,Low,Medium,22.5,25.0,16.25,23.63
TripA11,2019-07-04_15-09-22,sunny,26.0,27.0,87.0%,75.6%,11.4%,Medium,Medium,30.0,30.0,17.73,23.74
TripA12,2019-07-04_15-51-48,sunny,28.0,30.0,75.5%,64.3%,11.2%,Medium,Medium,26.5,25.0,18.65,27.31
TripA13,2019-07-05_09-02-55,sunny,22.0,22.0,85.5%,82.9%,2.6%,Low,High,21.0,23.0,4.57,11.93
TripA14,2019-07-05_09-18-22,sunny,22.0,22.0,82.8%,79.9%,2.9%,Low,Medium,24.5,22.0,4.93,11.58
TripA15,2019-07-08_12-19-56,rainy,17.0,19.0,74.8%,63.4%,11.4%,Medium,Medium,19.0,23.0,26.97,37.23
TripA16,2019-07-08_13-17-32,rainy,19.0,19.0,63.0%,51.5%,11.5%,Medium,Low,19.5,23.0,28.80,31.78
TripA17,2019-07-09_09-37-58,slightly cloudy,16.0,18.0,86.8%,77.9%,8.9%,Low,Medium,15.5,25.0,12.97,11.14
TripA18,2019-07-09_09-49-09,slightly cloudy,18.0,19.0,77.9%,70.2%,7.7%,Low,Medium,16.0,22.0,12.19,14.68
TripA19,2019-07-09_17-48-14,slightly cloudy,22.0,22.0,88.5%,80.4%,8.1%,Low,High,23.5,30.0,16.73,26.46
TripA20,2019-07-10_08-07-22,slightly cloudy,17.0,17.0,77.0%,69.1%,7.9%,Low,Medium,14.0,26.0,11.52,28.66
TripA21,2019-07-10_16-40-57,sunny,18.0,20.0,71.3%,63.7%,7.6%,Low,Medium,22.5,22.0,14.32,33.05
TripA22,2019-07-11_07-48-28,sunny,19.0,20.0,87.3%,76.5%,10.8%,Medium,Medium,17.0,23.0,19.37,30.65
TripA23,2019-07-12_10-41-36,sunny,16.0,17.0,87.4%,81.9%,5.5%,Low,High,19.5,28.0,8.36,17.38
TripA24,2019-07-12_11-08-00,sunny,17.0,19.0,81.9%,74.4%,7.5%,Low,Medium,19.0,23.0,11.27,8.87
TripA25,2019-07-12_10-59-05,sunny,19.0,20.0,74.4%,65.2%,9.2%,Low,Medium,17.0,33.0,12.21,12.71
TripA26,2019-07-15_13-08-25,slightly cloudy,19.0,20.0,86.2%,78.8%,7.4%,Low,Medium,22.0,30.0,18.03,26.87
TripA27,2019-07-15_13-45-10,slightly cloudy,20.0,22.0,78.5%,66.8%,11.7%,Medium,Medium,25.5,25.0,20.43,33.34
TripA28,2019-07-16_10-31-30,sunny,18.0,19.0,81.9%,72.0%,9.9%,Low,Medium,20.5,25.0,19.52,29.06
TripA29,2019-07-16_11-10-00,sunny,19.0,21.0,70.9%,63.1%,7.8%,Low,Medium,24.0,29.0,16.33,22.32
TripA30,2019-07-19_09-34-23,sunny,20.0,20.0,85.5%,81.0%,4.5%,Low,High,19.0,25.0,7.75,23.29
TripA31,2019-07-19_09-34-23,sunny,20.0,21.0,81.0%,82.5%,71.9%,High,High,23.5,26.0,15.98,19.78
TripA32,2019-07-22_12-56-55,slightly cloudy,21.0,26.0,86.5%,59.5%,27.0%,High,Low,20.0,27.5,37.21,27.87
TripB01,2019-12-07_12-35-00,cloudy,7.0,15.0,86.1%,57.4%,28.7%,High,Low,8.5,22.0,38.79,54.20
TripB02,2019-12-07_17-49-35,"dark, little rainy",13.0,15.0,81.0%,66.2%,14.8%,Medium,Medium,6.5,22.0,18.93,26.85
TripB03,2019_12_08_09-38-26,sunny,9.0,12.0,67.4%,50.4%,17.0%,Medium,Low,3.5,22.0,19.40,26.32
TripB05,2019_12_09_07-58-11,cloudy,10.0,11.0,71.9%,59.5%,12.4%,Medium,Low,7.0,22.0,14.82,16.99
TripB06,2019_12_09_18-16-14,dark,11.0,13.0,83.2%,69.3%,13.9%,Medium,Medium,6.0,22.0,16.58,22.53
TripB07,2019-12-10_09-35-46,slightly cloudy,5.0,8.0,67.4%,50.4%,17.0%,Medium,Low,2.5,22.0,30.38,38.16
TripB08,2019-12-17_07-21-04,cloudy,7.0,10.0,67.3%,44.0%,23.3%,High,Low,3.5,22.0,32.22,48.57
TripB09,2020-01-02_13-45-21,sunny,0.0,14.0,70.0%,46.0%,24.0%,High,Low,5.5,22.0,54.18,93.50
TripB10,2020-01-03_10-50-36,slightly cloudy,2.0,14.0,84.8%,39.0%,45.8%,High,Low,2.5,22.0,47.84,33.72
TripB11,2020-01-03_11-36-24,cloudy,14.0,15.0,38.9%,30.8%,8.1%,Low,Low,4.0,22.0,10.21,12.56
TripB12,2020-01-03_12-16-10,cloudy,22.0,20.0,73.4%,51.3%,22.1%,High,Low,7.5,22.0,37.06,53.76
TripB13,2020-01-03_13-23-24,cloudy,20.0,20.0,57.0%,55.1%,1.9%,Low,Low,6.0,22.0,2.78,5.91
TripB14,2020-01-05_11-08-25,cloudy,3.0,13.0,85.5%,34.6%,50.9%,High,Low,3.0,22.0,60.97,63.70
TripB15,2020-01-07_10-02-47,slightly cloudy,9.0,11.0,85.1%,67.5%,17.6%,Medium,Medium,2.0,22.0,19.24,30.37
TripB16,2020-01-07_10-33-19,slightly cloudy,11.0,13.0,67.5%,52.8%,14.7%,Medium,Low,3.0,22.0,19.23,25.48
TripB17,2020-01-07_10-58-55,slightly cloudy,13.0,15.0,52.8%,37.2%,15.6%,Medium,Low,3.5,22.0,19.25,26.02
TripB18,2020-01-08_17-43-26,cloudy,3.0,6.0,82.8%,68.1%,14.7%,Medium,Medium,2.5,22.0,15.81,18.49
TripB19,2020-01-09_08-29-07,sunrise,6.0,8.0,85.8%,71.6%,14.2%,Medium,Medium,3.0,22.0,16.43,19.85
TripB20,2020-01-09_17-21-44,dark,10.0,12.0,72.7%,62.0%,10.7%,Medium,Medium,5.0,22.0,12.34,23.38
TripB21,2020-01-10_08-07-33,sunrise,7.0,9.0,55.7%,41.1%,14.6%,Medium,Low,1.5,22.0,15.84,17.33
TripB22,2020-01-10_16-42-46,sunset,11.0,13.0,84.4%,70.5%,13.9%,Medium,Medium,7.5,22.0,16.86,19.99
TripB23,2020-01-11_12-52-38,slightly cloudy,6.0,10.0,72.1%,53.5%,18.6%,Medium,Low,5.0,22.0,18.71,18.55
TripB24,2020-01-11_14-29-56,slightly cloudy,10.0,11.0,53.4%,45.5%,7.9%,Low,Low,6.5,22.0,9.33,16.30
TripB25,2020-01-11_14-55-27,slightly cloudy,10.0,12.0,45.4%,33.6%,11.8%,Medium,Low,5.5,22.0,13.50,17.03
TripB26,2020-01-11_15-24-57,slightly cloudy,12.0,15.0,33.4%,21.2%,12.2%,Medium,Low,5.5,22.0,14.70,13.42
TripB27,2020-01-12_11-12-56,sunny,1.0,5.0,52.9%,34.5%,18.4%,Medium,Low,1.0,22.0,19.23,24.48
TripB28,2020-01-12_11-37-29,sunny,5.0,10.0,34.4%,20.0%,14.4%,Medium,Low,3.5,22.0,17.53,22.77
TripB29,2020-01-12_12-33-29,cloudy,11.0,14.0,31.5%,15.4%,16.1%,Medium,Low,3.5,22.0,15.83,16.14
TripB30,2020-01-13_07-53-37,sunrise,4.0,6.0,84.2%,70.4%,13.8%,Medium,Medium,0.0,22.0,14.86,15.35
TripB31,2020-01-13_17-31-04,dark,6.0,8.0,72.1%,57.8%,14.3%,Medium,Low,3.5,22.0,15.24,18.28
TripB32,2020-01-14_09-47-42,cloudy,4.0,7.0,52.6%,38.1%,14.5%,Medium,Low,2.0,22.0,14.24,13.26
TripB33,2020-01-14_11-44-28,cloudy,11.0,12.0,77.4%,71.6%,5.8%,Low,Medium,4.0,22.0,7.03,9.13
TripB34,2020-01-14_12-55-08,cloudy,11.0,11.0,73.9%,71.3%,2.6%,Low,Medium,5.5,22.0,9.14,12.23
TripB35,2020-01-14_17-59-06,dark,11.0,13.0,85.4%,71.5%,13.9%,Medium,Medium,4.0,22.0,15.42,22.71
TripB36,2020-01-15_10-43-44,sunny,6.0,10.0,72.1%,44.5%,27.6%,High,Low,4.0,22.0,38.72,47.54
TripB37,2020-01-21_09-15-20,slightly cloudy,8.0,10.0,83.8%,68.0%,15.8%,Medium,Medium,-3.0,22.0,17.46,23.62
TripB38,2020-02-07_09-32-02,sunny,-1.0,3.0,65.0%,48.8%,16.2%,Medium,Low,-1.5,22.0,18.90,27.38
,,,,,,,,,,,,,
